subscriber_key,nickname,birth_year,tariff_name,signup_channel,home_sector_key,student_marker,account_state,joined_on
1,TarasWave36,1980,daily_plus,web_form,297,no,active,2023-02-04
2,ArtemPilot35,1982,student,mobile_app,509,yes,paused,2024-12-29
3,KaterynaPulse58,1998,daily_plus,campus_event,21,no,active,2024-11-05
4,AnnaSky95,1991,premium,mobile_app,482,no,active,2023-11-28
5,TarasRiver27,1993,commuter,mobile_app,353,no,paused,2025-11-30
6,OksanaEcho95,1992,family,station_kiosk,211,no,active,2024-03-15
7,VladRiver53,1999,basic,web_form,108,no,paused,2024-01-19
8,VladPulse36,2005,basic,mobile_app,27,no,active,2025-05-31
9,VladGrid28,1989,basic,station_kiosk,198,no,closed,2023-04-25
10,SofiaWave96,2007,student,campus_event,398,yes,active,2023-10-15
11,NazarRiver45,2008,basic,campus_event,342,no,active,2023-05-03
12,NazarMetro50,2008,commuter,partner_campaign,107,no,active,2026-01-13
13,TarasRiver79,1966,basic,station_kiosk,133,no,active,2024-03-14
14,TarasRider41,2007,basic,campus_event,52,no,active,2025-03-16
15,DanyloRider25,2008,basic,web_form,303,no,active,2023-10-22
16,OlenaBreeze37,1994,basic,web_form,49,no,active,2024-10-18
17,NazarRiver68,1978,daily_plus,mobile_app,185,no,active,2023-01-11
18,YuraMetro18,2001,student,mobile_app,528,yes,active,2023-12-02
19,KaterynaPulse68,2006,basic,web_form,383,no,active,2025-11-19
20,YuraSky70,1997,daily_plus,station_kiosk,283,no,active,2026-05-19
21,OksanaOrbit99,1972,commuter,partner_campaign,408,no,active,2026-02-02
22,NazarNorth39,2007,basic,station_kiosk,434,no,active,2025-01-18
23,TarasNova31,1983,basic,campus_event,88,no,active,2024-08-22
24,SofiaMetro57,2005,commuter,web_form,298,no,active,2023-01-09
25,OksanaNorth55,1976,commuter,partner_campaign,29,yes,active,2026-03-09
26,IhorOrbit54,1969,basic,partner_campaign,479,no,active,2023-01-14
27,VladPilot93,1986,commuter,partner_campaign,550,no,review,2026-04-19
28,RomanEcho73,1982,daily_plus,web_form,275,no,active,2025-09-02
29,SofiaPilot46,1978,commuter,partner_campaign,295,no,active,2025-04-03
30,OlenaBreeze85,1988,basic,web_form,357,yes,active,2024-04-23
31,AnnaNorth55,2008,basic,web_form,546,no,review,2025-04-22
32,KaterynaEcho88,1991,commuter,web_form,340,no,active,2025-10-06
33,OlenaMetro28,1969,basic,web_form,196,no,active,2025-10-01
34,OlenaMetro76,2004,commuter,campus_event,85,no,paused,2023-05-25
35,IhorOrbit14,1997,basic,mobile_app,299,no,active,2023-03-30
36,AnnaBreeze98,2004,commuter,station_kiosk,98,no,active,2023-10-25
37,TarasPulse90,2008,commuter,web_form,327,no,active,2023-03-20
38,ArtemBreeze12,1987,commuter,mobile_app,363,no,active,2024-10-02
39,KaterynaBreeze63,2004,basic,partner_campaign,523,no,active,2025-04-29
40,RomanEcho41,2006,basic,partner_campaign,249,no,active,2024-12-15
41,NazarGrid49,2003,student,partner_campaign,33,yes,active,2023-12-02
42,KaterynaGrid84,1984,premium,campus_event,327,no,active,2025-02-23
43,OksanaNova20,1966,premium,campus_event,358,no,active,2023-09-07
44,SofiaRider12,1979,basic,station_kiosk,262,no,active,2026-06-10
45,LizaGrid84,1997,commuter,web_form,411,no,closed,2025-04-16
46,NazarUrban30,2001,commuter,station_kiosk,398,no,active,2026-03-19
47,ArtemNorth74,2001,basic,web_form,11,no,active,2023-08-20
48,SofiaWave41,1965,basic,web_form,322,no,active,2023-05-04
49,MaxNova95,1968,basic,campus_event,507,no,active,2025-05-30
50,IhorSky99,1999,premium,station_kiosk,333,no,active,2023-06-07
51,LizaSky97,1980,basic,campus_event,185,no,active,2023-01-09
52,MartaMetro55,1975,family,partner_campaign,287,no,active,2025-10-02
53,MaxNova81,2006,basic,campus_event,527,no,review,2023-07-06
54,VladNova51,1971,student,web_form,229,yes,active,2023-07-17
55,AnnaRider63,1994,family,campus_event,233,no,active,2025-12-27
56,OlenaGrid59,1985,student,web_form,419,yes,active,2025-10-21
57,RomanOrbit70,1978,student,partner_campaign,315,yes,active,2026-02-22
58,VladWave79,2004,daily_plus,station_kiosk,418,no,active,2025-01-06
59,IhorRiver34,1992,premium,mobile_app,440,no,active,2025-02-22
60,ArtemRider15,2007,family,mobile_app,459,no,active,2025-05-31
61,DanyloMetro27,1982,basic,station_kiosk,543,no,active,2024-04-25
62,MaxRiver46,1989,commuter,partner_campaign,178,no,active,2025-05-04
63,YuraRiver30,1977,commuter,station_kiosk,529,no,active,2024-02-20
64,LizaRiver65,1975,family,web_form,526,no,review,2025-09-11
65,OlenaPilot18,1976,daily_plus,web_form,27,no,active,2023-07-31
66,VladRider60,1975,student,campus_event,339,yes,active,2025-11-20
67,TarasPilot44,1984,daily_plus,campus_event,9,no,active,2023-07-13
68,SofiaRider68,1992,commuter,web_form,124,no,paused,2025-01-02
69,AnnaPilot99,1969,premium,mobile_app,130,yes,active,2023-07-26
70,NazarPilot76,1983,daily_plus,mobile_app,100,no,active,2025-02-04
71,YuraRider40,2006,basic,mobile_app,227,no,active,2025-04-09
72,IhorUrban11,1979,student,mobile_app,79,yes,paused,2024-07-16
73,ArtemMetro62,1991,commuter,mobile_app,39,no,active,2023-04-24
74,NazarEcho66,1975,commuter,partner_campaign,115,no,active,2025-05-25
75,VladRider42,1985,student,web_form,475,yes,active,2023-09-28
76,NazarNorth48,1984,daily_plus,partner_campaign,231,yes,active,2023-04-27
77,ArtemRiver22,1995,commuter,partner_campaign,71,no,active,2024-06-17
78,ArtemNova55,1965,family,partner_campaign,170,no,paused,2024-03-18
79,ArtemRiver71,1969,premium,web_form,307,yes,paused,2024-03-05
80,ArtemRider92,1997,commuter,station_kiosk,506,no,active,2024-10-01
81,AnnaRider20,1989,commuter,campus_event,417,no,active,2025-06-05
82,LizaPulse90,1975,student,station_kiosk,196,yes,active,2023-05-26
83,OksanaWave70,1992,student,campus_event,67,yes,paused,2024-01-11
84,KaterynaBreeze46,1993,student,partner_campaign,242,yes,active,2025-08-11
85,LizaNorth98,1993,student,station_kiosk,413,yes,active,2024-07-09
86,AnnaGrid29,1999,commuter,partner_campaign,288,no,active,2025-02-25
87,OksanaNorth89,1986,basic,partner_campaign,121,no,active,2025-04-23
88,IhorOrbit41,2007,family,partner_campaign,240,no,active,2023-08-27
89,MaxUrban36,1991,daily_plus,web_form,174,no,review,2023-12-30
90,OksanaBreeze95,1972,commuter,web_form,242,no,active,2024-01-12
91,DanyloGrid71,1998,daily_plus,mobile_app,174,no,active,2024-10-14
92,NazarGrid82,1969,premium,station_kiosk,455,no,active,2024-12-12
93,YuraNova33,2007,basic,mobile_app,227,no,active,2024-07-28
94,DanyloSky58,1990,basic,web_form,332,no,active,2023-10-31
95,SofiaSky50,1976,commuter,station_kiosk,412,no,review,2023-12-29
96,RomanOrbit62,1994,student,partner_campaign,318,yes,active,2023-04-01
97,MaxEcho31,1976,commuter,partner_campaign,432,no,active,2025-08-15
98,YuraRiver92,2003,premium,campus_event,101,yes,paused,2024-02-03
99,IhorBreeze77,1993,daily_plus,station_kiosk,461,no,paused,2023-12-21
100,ArtemWave57,2003,commuter,station_kiosk,385,no,active,2023-02-02
101,IhorNova18,2002,student,web_form,68,yes,active,2024-02-18
102,YuraWave91,1975,daily_plus,mobile_app,66,no,active,2026-06-14
103,OlenaEcho67,2002,family,mobile_app,130,yes,active,2023-11-15
104,RomanSky60,1969,commuter,web_form,93,no,active,2025-02-28
105,DanyloOrbit43,1965,premium,station_kiosk,103,no,active,2025-08-07
106,LizaPilot84,1970,student,station_kiosk,62,yes,active,2023-11-29
107,MartaBreeze39,1975,daily_plus,campus_event,53,no,active,2023-12-06
108,ArtemEcho31,1977,premium,partner_campaign,411,no,active,2026-04-03
109,AnnaGrid50,1990,commuter,station_kiosk,448,no,active,2025-09-21
110,TarasNorth42,2007,daily_plus,campus_event,545,no,active,2025-07-19
111,VladWave12,2005,commuter,campus_event,420,no,active,2023-10-03
112,MaxPulse60,1990,basic,partner_campaign,50,no,active,2024-10-02
113,LizaSky76,1978,premium,campus_event,423,no,active,2024-06-20
114,VladNorth29,1996,basic,partner_campaign,488,no,active,2025-12-06
115,OksanaPilot96,1997,commuter,web_form,482,no,paused,2025-02-19
116,OlenaSky78,1989,daily_plus,station_kiosk,145,yes,paused,2025-04-10
117,MartaRiver14,2002,commuter,campus_event,515,no,active,2025-08-03
118,LizaPilot38,1996,commuter,partner_campaign,34,no,active,2023-02-01
119,SofiaNorth63,1988,basic,station_kiosk,239,no,active,2023-05-08
120,YuraRider55,2002,basic,web_form,144,no,active,2024-03-24
121,YuraEcho79,2003,student,mobile_app,320,yes,active,2026-05-18
122,MaxNorth30,1993,student,campus_event,467,yes,active,2024-11-15
123,RomanNova77,1968,basic,campus_event,82,no,active,2023-06-08
124,RomanRider83,1965,premium,partner_campaign,22,no,active,2026-04-21
125,ArtemEcho75,1993,basic,station_kiosk,401,no,active,2023-01-22
126,OksanaNova82,2007,daily_plus,campus_event,337,no,paused,2025-12-23
127,YuraWave53,2000,daily_plus,mobile_app,143,no,active,2023-12-03
128,MaxGrid21,1979,basic,mobile_app,493,no,active,2023-04-15
129,VladNorth78,1971,student,web_form,533,yes,active,2025-12-21
130,OlenaSky73,1994,basic,mobile_app,7,no,active,2023-05-14
131,LizaSky67,2003,family,web_form,121,no,active,2023-12-02
132,LizaRider58,1989,student,station_kiosk,40,yes,active,2025-10-17
133,MartaRiver40,1993,commuter,mobile_app,11,no,active,2025-12-15
134,AnnaGrid78,1993,basic,campus_event,364,no,paused,2026-05-01
135,OlenaEcho69,2002,student,mobile_app,233,yes,paused,2026-03-30
136,SofiaRider28,1984,basic,station_kiosk,191,yes,active,2023-08-10
137,SofiaNova29,1989,family,campus_event,78,no,active,2025-04-24
138,OlenaSky16,1993,commuter,station_kiosk,29,yes,active,2025-05-06
139,RomanWave30,1984,commuter,partner_campaign,83,no,active,2025-08-07
140,AnnaPilot60,1967,commuter,campus_event,188,yes,active,2025-07-16
141,YuraBreeze81,2000,student,web_form,326,yes,active,2026-06-12
142,KaterynaOrbit71,1976,premium,campus_event,147,no,active,2025-10-11
143,YuraPilot83,1965,premium,web_form,311,yes,active,2025-03-14
144,RomanEcho76,1997,daily_plus,campus_event,448,yes,active,2024-09-04
145,AnnaNorth98,1981,basic,campus_event,147,no,active,2025-11-12
146,SofiaBreeze74,2006,basic,mobile_app,182,no,active,2025-08-22
147,IhorNova26,1979,commuter,campus_event,208,no,active,2024-02-12
148,MaxPulse97,1971,commuter,campus_event,296,no,active,2024-11-12
149,RomanUrban76,1972,daily_plus,campus_event,545,yes,active,2024-03-01
150,OksanaNorth20,2002,student,partner_campaign,472,yes,active,2026-03-09
151,DanyloNova23,1984,basic,partner_campaign,520,no,active,2023-12-06
152,RomanSky89,1991,student,station_kiosk,182,yes,active,2025-05-13
153,OksanaGrid50,1994,daily_plus,campus_event,406,no,active,2025-02-24
154,NazarRider26,1981,student,station_kiosk,538,yes,active,2024-03-01
155,SofiaPulse30,1974,student,mobile_app,329,yes,active,2023-11-27
156,RomanBreeze72,2005,commuter,campus_event,104,no,active,2024-08-10
157,IhorRider73,1996,student,campus_event,390,yes,active,2023-10-21
158,SofiaBreeze22,1988,student,partner_campaign,503,yes,active,2024-10-12
159,IhorPulse68,1968,premium,web_form,355,no,active,2026-02-18
160,IhorMetro17,1983,student,mobile_app,179,yes,paused,2025-08-23
161,NazarMetro37,1979,daily_plus,campus_event,232,no,closed,2024-04-23
162,SofiaUrban64,1969,basic,campus_event,251,no,closed,2023-01-18
163,MartaNorth86,1976,student,partner_campaign,133,yes,active,2023-10-13
164,OksanaNorth45,1979,student,web_form,431,yes,active,2024-07-28
165,DanyloEcho31,1990,commuter,station_kiosk,463,no,paused,2025-01-24
166,LizaBreeze44,1995,basic,station_kiosk,302,no,active,2026-03-10
167,SofiaGrid48,1973,premium,campus_event,119,no,active,2025-02-27
168,MaxPilot11,1994,daily_plus,campus_event,11,no,active,2025-06-14
169,YuraMetro24,1978,basic,web_form,251,no,active,2024-02-02
170,IhorOrbit33,1971,family,partner_campaign,34,no,paused,2025-04-21
171,YuraSky10,1973,student,station_kiosk,501,yes,paused,2025-03-24
172,KaterynaNova78,1970,student,partner_campaign,153,yes,active,2024-12-31
173,MaxBreeze33,1970,basic,station_kiosk,185,no,active,2024-12-17
174,RomanOrbit42,1984,commuter,mobile_app,479,yes,active,2025-03-16
175,MartaBreeze80,1996,commuter,partner_campaign,16,no,active,2025-01-02
176,AnnaPulse60,1996,commuter,partner_campaign,520,no,active,2023-10-26
177,ArtemNorth86,1994,daily_plus,campus_event,334,no,active,2025-10-16
178,VladWave15,1983,premium,web_form,158,no,active,2025-06-17
179,KaterynaMetro10,1976,basic,mobile_app,82,no,active,2023-08-05
180,IhorOrbit98,2003,basic,campus_event,71,no,active,2025-06-21
181,TarasWave56,1975,commuter,campus_event,130,no,paused,2023-02-16
182,DanyloRider63,1984,premium,mobile_app,286,no,active,2025-12-03
183,LizaMetro96,2008,daily_plus,station_kiosk,231,no,closed,2024-07-28
184,NazarRider73,1983,basic,campus_event,77,no,active,2023-01-04
185,NazarPilot34,1987,basic,web_form,22,no,active,2025-08-22
186,MaxSky38,1991,premium,station_kiosk,14,no,paused,2026-01-04
187,OlenaUrban64,1977,basic,campus_event,406,no,active,2024-07-09
188,DanyloNova67,1996,student,station_kiosk,126,yes,active,2023-09-19
189,NazarOrbit96,1971,basic,mobile_app,108,no,active,2025-08-27
190,VladNova41,1965,basic,campus_event,158,no,active,2024-12-27
191,AnnaPulse72,1970,commuter,mobile_app,84,no,active,2025-12-10
192,SofiaMetro75,1975,daily_plus,campus_event,106,no,active,2023-11-06
193,TarasRiver96,1990,daily_plus,mobile_app,374,no,active,2025-09-12
194,DanyloSky57,1979,student,mobile_app,545,yes,active,2023-07-13
195,SofiaUrban67,1989,basic,mobile_app,353,yes,active,2025-04-22
196,LizaNorth58,1981,daily_plus,partner_campaign,127,no,active,2024-11-08
197,MartaGrid64,1994,premium,mobile_app,317,yes,active,2023-03-06
198,ArtemOrbit10,1977,commuter,web_form,168,yes,review,2023-06-08
199,MartaSky58,1993,basic,partner_campaign,64,yes,active,2025-06-20
200,TarasRider13,1999,commuter,station_kiosk,549,yes,active,2023-01-29
201,MaxMetro38,1975,commuter,campus_event,537,no,active,2025-09-14
202,ArtemEcho77,1990,basic,web_form,292,no,closed,2026-03-17
203,AnnaPulse20,1986,daily_plus,mobile_app,328,no,active,2026-02-03
204,AnnaNorth91,1985,commuter,partner_campaign,361,no,active,2024-12-06
205,MartaOrbit23,2000,commuter,partner_campaign,355,no,active,2023-07-21
206,SofiaGrid63,1977,premium,web_form,544,no,active,2024-03-15
207,MaxRiver78,1996,student,web_form,247,yes,active,2025-09-15
208,KaterynaMetro80,1987,student,station_kiosk,21,yes,closed,2023-09-19
209,IhorRider51,1989,commuter,web_form,222,yes,active,2025-08-13
210,SofiaBreeze61,1993,commuter,mobile_app,366,yes,paused,2025-10-21
211,IhorRider88,2004,commuter,mobile_app,327,no,active,2023-12-14
212,TarasMetro73,2007,student,campus_event,167,yes,active,2026-05-14
213,OlenaWave59,1986,commuter,partner_campaign,74,no,active,2023-01-29
214,MaxMetro85,1974,daily_plus,station_kiosk,525,no,active,2024-04-27
215,NazarPulse97,1997,commuter,web_form,323,no,active,2023-03-11
216,VladUrban34,2003,daily_plus,campus_event,543,no,active,2023-09-01
217,LizaSky44,1973,student,partner_campaign,135,yes,review,2024-06-10
218,DanyloGrid46,1991,premium,partner_campaign,445,no,active,2024-09-12
219,ArtemPilot86,1998,basic,station_kiosk,315,no,active,2023-07-12
220,SofiaBreeze50,1966,basic,partner_campaign,520,no,active,2025-04-10
221,YuraWave88,1983,basic,campus_event,212,no,active,2026-01-09
222,OksanaRider53,1991,student,mobile_app,497,yes,active,2024-02-03
223,DanyloPilot49,1966,daily_plus,campus_event,333,no,active,2026-05-26
224,TarasNova74,1983,basic,partner_campaign,507,yes,active,2025-06-12
225,NazarRiver12,1970,family,partner_campaign,34,no,active,2026-01-13
226,DanyloWave22,1969,commuter,campus_event,396,yes,active,2023-03-02
227,RomanNova80,2007,daily_plus,mobile_app,445,no,paused,2023-11-29
228,TarasMetro90,1999,daily_plus,station_kiosk,346,no,paused,2025-12-05
229,LizaGrid81,2000,basic,campus_event,183,no,active,2023-11-02
230,RomanWave18,1998,premium,station_kiosk,9,no,active,2024-11-01
231,IhorPilot82,1990,commuter,mobile_app,233,no,paused,2025-02-21
232,SofiaGrid90,2005,student,web_form,99,yes,active,2023-05-01
233,SofiaWave64,2000,commuter,mobile_app,129,no,active,2024-01-30
234,OksanaUrban89,1974,commuter,web_form,390,no,active,2024-05-18
235,OlenaRiver86,1991,basic,station_kiosk,116,no,paused,2023-04-01
236,LizaSky79,1991,commuter,partner_campaign,319,no,paused,2025-11-15
237,IhorRider35,1998,student,campus_event,445,yes,active,2026-01-28
238,YuraPulse26,1965,commuter,campus_event,84,no,active,2025-03-31
239,OlenaNova24,1994,basic,partner_campaign,406,no,active,2023-01-09
240,LizaEcho48,1998,basic,partner_campaign,21,no,active,2023-03-17
241,TarasWave93,1967,basic,web_form,188,yes,active,2024-06-27
242,YuraRider60,1977,basic,station_kiosk,534,no,active,2026-01-25
243,SofiaBreeze11,1995,student,partner_campaign,444,yes,active,2025-10-01
244,SofiaMetro83,1978,student,web_form,36,yes,active,2023-11-01
245,KaterynaBreeze10,1992,commuter,campus_event,35,no,active,2025-08-23
246,LizaWave67,1994,daily_plus,mobile_app,322,yes,active,2026-05-14
247,IhorNova58,1998,student,partner_campaign,495,yes,active,2023-12-11
248,IhorBreeze75,2005,basic,campus_event,199,no,active,2023-09-09
249,LizaNova17,2005,commuter,partner_campaign,317,yes,active,2025-02-19
250,RomanWave71,2002,basic,mobile_app,293,no,paused,2026-04-10
251,VladRider72,1991,basic,web_form,376,no,active,2023-02-04
252,MartaRiver34,1998,commuter,campus_event,386,no,active,2025-06-30
253,VladNova71,1966,student,web_form,129,yes,active,2024-09-16
254,RomanMetro11,1968,basic,campus_event,372,no,active,2023-03-23
255,SofiaSky77,1979,basic,mobile_app,423,no,active,2024-01-10
256,VladPilot47,1998,basic,partner_campaign,14,no,paused,2025-05-12
257,DanyloOrbit69,1979,commuter,partner_campaign,440,no,active,2023-01-08
258,OksanaBreeze37,2001,basic,web_form,411,no,active,2024-03-28
259,AnnaRiver17,1984,premium,mobile_app,550,no,active,2023-03-18
260,DanyloEcho49,2002,daily_plus,campus_event,189,no,active,2024-07-07
261,VladRider84,1985,basic,web_form,384,yes,active,2025-01-03
262,OksanaNorth89,1968,premium,campus_event,48,no,active,2026-04-01
263,KaterynaNorth69,2000,commuter,web_form,121,no,active,2024-09-24
264,IhorOrbit13,2002,commuter,web_form,41,no,active,2024-07-07
265,ArtemEcho51,1973,commuter,campus_event,107,no,active,2025-12-07
266,SofiaSky80,1987,daily_plus,partner_campaign,193,no,active,2025-08-23
267,VladNova40,1995,basic,web_form,96,yes,active,2025-02-12
268,VladPilot38,1996,premium,campus_event,539,no,active,2025-08-21
269,SofiaEcho66,1971,commuter,mobile_app,322,no,active,2025-03-18
270,VladWave56,1999,student,mobile_app,9,yes,active,2023-01-21
271,TarasPilot96,2003,basic,station_kiosk,354,no,active,2024-01-21
272,IhorNova57,1977,family,mobile_app,15,no,active,2023-08-15
273,IhorOrbit43,1987,daily_plus,campus_event,55,no,active,2024-11-20
274,AnnaRiver10,2006,commuter,campus_event,369,yes,active,2026-05-09
275,IhorNorth91,1982,commuter,mobile_app,203,no,paused,2024-06-03
276,VladPulse69,1979,commuter,mobile_app,5,no,paused,2024-02-13
277,MartaRiver49,1972,basic,partner_campaign,160,no,active,2025-07-05
278,SofiaPilot60,1996,basic,partner_campaign,444,no,active,2023-09-29
279,IhorMetro25,2000,commuter,web_form,233,no,active,2024-10-02
280,KaterynaOrbit60,2003,commuter,web_form,541,no,active,2024-03-28
281,OksanaMetro85,1975,commuter,web_form,500,no,active,2023-04-13
282,IhorPulse79,1982,commuter,mobile_app,279,no,active,2025-07-23
283,RomanRider97,1969,student,mobile_app,17,yes,active,2023-11-04
284,TarasPilot75,1993,basic,mobile_app,501,no,active,2024-03-27
285,ArtemSky71,1993,student,partner_campaign,197,yes,active,2023-08-21
286,OlenaOrbit29,2007,daily_plus,mobile_app,271,no,active,2023-04-26
287,OlenaEcho30,1973,commuter,mobile_app,472,no,active,2023-09-30
288,MartaNorth57,1986,premium,partner_campaign,316,yes,active,2023-11-03
289,YuraOrbit26,1999,basic,partner_campaign,15,no,paused,2023-10-31
290,IhorNorth82,1980,commuter,mobile_app,491,no,active,2026-03-01
291,OlenaEcho49,2005,premium,web_form,119,no,active,2024-07-22
292,ArtemBreeze64,2006,premium,web_form,240,no,active,2026-06-06
293,NazarRiver97,1973,commuter,mobile_app,326,no,active,2026-04-18
294,NazarPulse85,1992,commuter,campus_event,115,no,active,2025-05-21
295,ArtemWave74,1991,student,web_form,399,yes,active,2025-06-06
296,TarasEcho94,1976,commuter,mobile_app,123,no,paused,2024-09-27
297,IhorGrid86,1970,basic,campus_event,247,no,active,2024-01-13
298,RomanOrbit10,1974,commuter,station_kiosk,452,no,active,2023-10-13
299,ArtemSky68,1988,commuter,campus_event,255,no,active,2024-02-02
300,LizaPilot81,1979,premium,mobile_app,335,no,active,2026-02-03
301,VladRider15,1975,basic,mobile_app,230,no,active,2024-07-12
302,MaxGrid55,2007,daily_plus,campus_event,366,no,active,2024-04-02
303,SofiaPilot96,1970,basic,web_form,233,no,active,2026-03-17
304,TarasUrban17,2004,premium,web_form,34,no,active,2025-12-13
305,DanyloWave35,1975,basic,station_kiosk,524,no,active,2024-06-04
306,KaterynaBreeze90,1986,commuter,campus_event,373,no,active,2023-11-24
307,ArtemSky39,1993,commuter,station_kiosk,262,no,active,2025-03-20
308,VladNorth65,1997,daily_plus,station_kiosk,286,no,paused,2025-11-30
309,KaterynaNorth18,1970,commuter,campus_event,291,no,active,2024-07-25
310,RomanGrid67,1992,commuter,mobile_app,168,no,active,2023-04-22
311,KaterynaRider44,1993,daily_plus,partner_campaign,550,no,active,2024-02-01
312,OksanaOrbit15,1969,student,mobile_app,63,yes,closed,2024-12-13
313,LizaRider62,1969,commuter,partner_campaign,328,no,review,2026-02-18
314,NazarRider93,2002,basic,web_form,340,no,closed,2024-10-02
315,IhorNorth39,1997,commuter,campus_event,487,no,active,2026-05-29
316,MaxUrban49,1967,basic,station_kiosk,544,yes,active,2025-01-15
317,DanyloRider57,1985,daily_plus,mobile_app,243,yes,active,2025-08-25
318,YuraRiver69,1987,commuter,mobile_app,303,no,active,2024-01-26
319,LizaGrid99,1980,commuter,mobile_app,90,no,active,2025-05-27
320,RomanPilot15,2006,basic,partner_campaign,51,no,closed,2023-12-04
321,YuraPilot77,2004,basic,station_kiosk,434,no,paused,2025-05-28
322,AnnaGrid46,2000,daily_plus,campus_event,195,no,active,2024-10-11
323,SofiaEcho94,1990,basic,web_form,67,no,active,2025-11-10
324,DanyloGrid45,2002,basic,mobile_app,332,no,active,2023-12-18
325,SofiaWave18,2006,daily_plus,campus_event,320,no,active,2025-06-18
326,OlenaPulse45,1969,basic,mobile_app,459,no,active,2026-05-09
327,KaterynaMetro37,2004,basic,mobile_app,401,no,review,2026-03-06
328,KaterynaEcho41,1986,daily_plus,campus_event,515,no,active,2026-05-04
329,AnnaNova83,1993,commuter,partner_campaign,241,no,paused,2023-04-13
330,AnnaPilot31,1972,student,mobile_app,460,yes,active,2023-08-27
331,IhorRiver12,2001,basic,mobile_app,351,no,active,2025-12-09
332,KaterynaRiver10,2005,commuter,web_form,157,no,active,2023-09-16
333,NazarRider79,1967,daily_plus,mobile_app,29,no,active,2026-04-03
334,LizaRider51,2000,student,web_form,502,yes,active,2024-04-15
335,NazarWave57,1980,basic,mobile_app,261,no,active,2023-07-13
336,DanyloGrid13,1996,commuter,web_form,235,no,active,2024-08-20
337,OksanaRiver45,1994,commuter,web_form,548,no,active,2024-04-03
338,OlenaPilot50,1968,premium,partner_campaign,300,no,active,2025-10-09
339,YuraUrban18,1987,daily_plus,mobile_app,494,no,active,2025-05-06
340,MaxEcho22,1970,commuter,campus_event,253,no,paused,2025-03-11
341,DanyloPilot54,2002,student,mobile_app,116,yes,active,2025-03-05
342,ArtemOrbit83,2001,commuter,campus_event,295,yes,active,2023-11-05
343,MaxPilot24,1970,premium,partner_campaign,77,yes,paused,2023-08-25
344,ArtemWave14,1979,commuter,mobile_app,202,no,review,2025-08-15
345,KaterynaWave21,2000,premium,web_form,347,no,active,2025-12-04
346,VladPilot78,2005,student,partner_campaign,164,yes,active,2025-09-29
347,RomanOrbit33,1978,basic,web_form,12,yes,active,2024-07-01
348,OlenaEcho36,2008,basic,campus_event,148,no,active,2024-01-29
349,MaxSky62,1996,basic,mobile_app,417,no,active,2025-02-05
350,ArtemMetro97,2005,daily_plus,station_kiosk,140,no,active,2023-09-10
351,VladPilot60,1971,family,mobile_app,399,no,active,2024-09-16
352,IhorPulse42,1968,basic,web_form,90,yes,active,2024-02-15
353,OlenaOrbit34,1969,commuter,web_form,317,no,active,2024-10-19
354,VladGrid39,1992,commuter,station_kiosk,16,no,active,2026-06-09
355,OlenaRider48,1978,daily_plus,campus_event,219,no,paused,2025-04-22
356,SofiaWave79,1969,premium,partner_campaign,167,yes,paused,2024-04-13
357,ArtemPilot79,1970,basic,web_form,455,no,active,2024-07-16
358,MaxBreeze41,1998,daily_plus,web_form,95,no,active,2024-02-20
359,DanyloPulse60,1985,commuter,partner_campaign,472,no,active,2023-08-13
360,NazarMetro20,1982,commuter,campus_event,71,no,active,2023-11-29
361,OlenaUrban49,1999,daily_plus,station_kiosk,272,no,active,2025-03-03
362,YuraNorth27,1965,student,station_kiosk,182,yes,review,2026-04-22
363,IhorWave52,1974,daily_plus,mobile_app,265,no,active,2025-08-16
364,DanyloNorth23,1996,student,campus_event,6,yes,active,2023-12-08
365,RomanBreeze88,1993,basic,campus_event,395,no,review,2023-07-23
366,OlenaMetro53,1965,student,station_kiosk,314,yes,active,2025-01-13
367,OksanaMetro58,1981,premium,partner_campaign,267,no,active,2024-01-06
368,NazarNova91,2008,premium,web_form,387,no,active,2023-03-03
369,DanyloNova35,1971,student,mobile_app,549,yes,active,2023-09-28
370,KaterynaPilot42,1967,premium,partner_campaign,84,no,active,2025-06-15
371,IhorWave35,1994,basic,partner_campaign,265,no,active,2024-06-12
372,TarasBreeze70,1983,commuter,campus_event,65,no,active,2023-03-30
373,NazarNorth94,1979,commuter,partner_campaign,114,no,active,2025-09-17
374,MartaSky36,1997,commuter,mobile_app,453,no,active,2023-07-04
375,MartaUrban75,1990,commuter,campus_event,33,no,active,2024-03-18
376,TarasNorth72,2004,commuter,mobile_app,113,no,paused,2023-01-10
377,LizaWave87,1975,family,station_kiosk,55,no,active,2023-08-22
378,ArtemNorth22,1999,commuter,partner_campaign,281,no,active,2025-07-25
379,IhorPilot49,1967,commuter,station_kiosk,251,no,active,2023-07-13
380,OlenaBreeze88,1968,student,station_kiosk,3,yes,active,2026-02-11
381,NazarOrbit55,1988,daily_plus,campus_event,420,no,review,2026-02-21
382,SofiaUrban48,1989,daily_plus,partner_campaign,394,yes,active,2023-01-24
383,VladPilot98,1981,commuter,web_form,196,no,active,2023-02-20
384,SofiaNova14,1982,premium,web_form,115,no,active,2024-07-13
385,LizaSky68,1975,commuter,mobile_app,341,no,active,2023-05-02
386,TarasUrban12,1975,basic,partner_campaign,319,no,paused,2024-02-17
387,LizaGrid80,1987,basic,mobile_app,156,yes,active,2024-02-28
388,KaterynaWave77,1996,daily_plus,partner_campaign,265,no,active,2025-07-23
389,NazarGrid29,1981,family,web_form,112,no,active,2023-07-06
390,KaterynaRider35,2007,premium,partner_campaign,379,no,active,2024-11-03
391,SofiaOrbit78,2001,student,mobile_app,6,yes,active,2025-01-09
392,MaxNorth45,1973,daily_plus,web_form,407,no,active,2024-01-06
393,LizaGrid82,1980,daily_plus,campus_event,278,no,active,2025-05-10
394,OlenaMetro82,1991,premium,web_form,406,no,active,2026-02-28
395,MaxWave91,1971,family,partner_campaign,525,yes,active,2023-02-11
396,DanyloPilot87,2008,commuter,station_kiosk,123,no,active,2024-09-03
397,AnnaNorth26,1985,student,station_kiosk,353,yes,active,2023-04-30
398,MaxBreeze56,1966,basic,web_form,149,no,active,2023-04-27
399,RomanPulse80,2002,basic,campus_event,428,no,active,2023-07-16
400,NazarSky93,2004,commuter,partner_campaign,65,no,active,2024-07-20
401,NazarNorth68,1977,daily_plus,mobile_app,222,no,active,2025-05-02
402,OksanaRider39,1996,student,web_form,153,yes,active,2024-03-09
403,MartaPulse83,1976,commuter,web_form,394,no,closed,2023-07-14
404,ArtemNova18,2008,premium,web_form,206,no,active,2025-01-22
405,MartaUrban43,1981,family,web_form,82,no,active,2025-02-07
406,SofiaOrbit90,1965,daily_plus,partner_campaign,21,yes,active,2025-06-19
407,LizaBreeze23,2004,commuter,mobile_app,267,no,paused,2025-10-09
408,LizaNova76,1994,commuter,campus_event,122,no,active,2025-05-02
409,RomanRider93,2003,student,partner_campaign,458,yes,active,2024-08-14
410,NazarOrbit34,1997,family,campus_event,389,no,paused,2025-05-06
411,SofiaPilot83,1975,commuter,mobile_app,429,no,active,2026-04-16
412,OksanaPilot19,2002,commuter,station_kiosk,41,no,active,2025-09-19
413,KaterynaPulse65,1997,daily_plus,partner_campaign,487,no,active,2026-04-22
414,AnnaRider63,1969,basic,campus_event,246,no,closed,2025-04-28
415,YuraPulse74,1993,commuter,partner_campaign,396,no,active,2024-01-10
416,NazarGrid65,1996,basic,web_form,242,no,active,2026-05-09
417,IhorUrban28,1987,commuter,station_kiosk,2,no,active,2025-07-02
418,YuraRiver80,1990,student,mobile_app,278,yes,paused,2024-06-15
419,OlenaNorth79,1976,basic,web_form,147,no,active,2025-11-26
420,ArtemNova13,2005,basic,partner_campaign,339,yes,closed,2024-03-19
421,VladNova90,1992,commuter,station_kiosk,354,no,review,2024-03-24
422,ArtemRider68,1981,basic,partner_campaign,227,no,review,2023-02-06
423,SofiaEcho73,1998,basic,web_form,287,no,active,2025-02-17
424,YuraNova99,1990,daily_plus,web_form,532,no,active,2023-12-28
425,OlenaMetro54,2003,basic,mobile_app,483,no,active,2024-01-23
426,YuraBreeze35,1995,student,mobile_app,200,yes,active,2024-05-31
427,ArtemWave49,1980,student,station_kiosk,6,yes,active,2023-08-17
428,KaterynaMetro56,2005,basic,web_form,330,no,review,2023-03-24
429,ArtemGrid83,2004,commuter,web_form,381,no,active,2025-08-03
430,LizaSky30,2006,student,campus_event,499,yes,active,2024-03-26
431,YuraBreeze38,2002,commuter,partner_campaign,479,no,active,2024-03-27
432,SofiaOrbit96,1997,basic,station_kiosk,305,yes,active,2025-08-21
433,RomanBreeze42,1970,basic,partner_campaign,521,no,active,2025-01-26
434,MartaUrban55,2008,basic,campus_event,276,no,paused,2024-03-19
435,SofiaOrbit29,1981,commuter,station_kiosk,3,no,active,2023-10-07
436,OlenaOrbit11,2008,commuter,web_form,120,no,closed,2024-09-14
437,MaxPulse87,1974,commuter,mobile_app,145,no,active,2023-11-18
438,SofiaNova12,1973,daily_plus,campus_event,340,yes,paused,2023-11-27
439,OksanaMetro14,1968,commuter,campus_event,241,no,active,2026-02-01
440,KaterynaEcho69,2002,student,station_kiosk,362,yes,active,2026-03-19
441,MartaPulse96,1970,premium,web_form,332,no,paused,2023-09-10
442,RomanPilot76,2007,basic,campus_event,342,no,active,2024-12-05
443,AnnaNorth70,1967,family,mobile_app,389,no,active,2024-11-29
444,TarasNova41,1993,basic,campus_event,150,no,active,2023-02-12
445,NazarUrban60,2002,basic,station_kiosk,110,no,active,2025-06-22
446,DanyloRiver73,1980,basic,station_kiosk,342,no,active,2024-01-11
447,RomanNova13,1969,commuter,campus_event,100,no,active,2024-05-13
448,ArtemNorth48,1993,premium,mobile_app,415,no,active,2024-01-28
449,DanyloMetro59,1986,daily_plus,station_kiosk,194,no,active,2025-09-09
450,DanyloMetro72,1986,basic,station_kiosk,327,no,review,2023-03-07
451,AnnaGrid98,1980,premium,station_kiosk,196,no,active,2024-11-15
452,IhorUrban65,1992,basic,campus_event,443,no,active,2023-06-04
453,OksanaBreeze82,2008,student,partner_campaign,427,yes,active,2024-02-25
454,OksanaRider93,1976,student,station_kiosk,66,yes,paused,2023-04-03
455,SofiaEcho46,2005,student,station_kiosk,84,yes,active,2024-03-06
456,IhorWave13,1972,basic,mobile_app,477,no,active,2024-02-26
457,MaxRiver34,1966,premium,partner_campaign,24,no,active,2023-01-05
458,MartaSky23,1998,premium,mobile_app,309,yes,active,2023-02-16
459,MartaUrban71,1997,daily_plus,station_kiosk,362,no,paused,2026-05-20
460,YuraUrban82,1995,basic,mobile_app,303,no,active,2026-05-06
461,ArtemNorth17,1967,premium,mobile_app,61,no,active,2025-08-29
462,VladUrban61,1983,student,station_kiosk,328,yes,active,2024-04-14
463,VladBreeze32,1997,family,partner_campaign,425,no,active,2025-03-24
464,MartaPilot47,1991,basic,web_form,351,no,active,2023-04-01
465,RomanNova24,1990,premium,web_form,47,yes,active,2025-08-19
466,OksanaNorth63,1997,commuter,mobile_app,315,no,closed,2024-03-04
467,SofiaRider18,1987,daily_plus,web_form,120,no,active,2023-06-29
468,TarasSky99,1982,basic,web_form,395,no,paused,2024-01-01
469,RomanWave48,1970,commuter,partner_campaign,173,no,active,2026-04-15
470,MartaWave31,2006,daily_plus,partner_campaign,305,no,review,2023-01-31
471,SofiaNova48,1990,daily_plus,web_form,61,no,review,2024-12-12
472,OlenaBreeze82,1997,basic,mobile_app,356,no,active,2024-09-02
473,RomanBreeze44,1983,basic,web_form,319,no,active,2025-05-14
474,KaterynaMetro89,2005,commuter,mobile_app,483,no,active,2024-02-04
475,LizaRider83,1985,basic,campus_event,524,no,active,2024-10-14
476,AnnaRiver64,2006,daily_plus,mobile_app,48,yes,active,2025-06-11
477,ArtemOrbit67,2001,commuter,station_kiosk,28,no,paused,2023-07-02
478,OlenaNorth30,1982,premium,mobile_app,11,no,active,2023-05-11
479,OksanaWave89,1981,daily_plus,partner_campaign,409,no,active,2025-10-01
480,OksanaNorth20,1979,daily_plus,web_form,363,yes,active,2025-09-05
481,ArtemOrbit61,1971,basic,mobile_app,140,no,active,2025-10-17
482,DanyloPilot37,2008,premium,station_kiosk,125,no,active,2024-06-15
483,OksanaMetro15,1972,commuter,partner_campaign,4,no,paused,2023-01-24
484,OksanaRider68,2002,premium,partner_campaign,30,no,active,2025-02-07
485,YuraWave63,1983,commuter,mobile_app,353,no,active,2024-10-07
486,ArtemEcho58,1991,family,web_form,469,no,active,2024-07-14
487,NazarPulse43,1965,daily_plus,station_kiosk,269,no,active,2023-04-29
488,MaxSky46,1967,student,mobile_app,209,yes,active,2024-06-21
489,MartaBreeze13,1975,basic,partner_campaign,151,no,paused,2025-05-19
490,KaterynaRiver47,1967,daily_plus,station_kiosk,433,no,active,2026-05-05
491,SofiaMetro26,1973,daily_plus,station_kiosk,502,no,active,2024-05-10
492,MartaRiver39,1970,student,web_form,215,yes,active,2023-05-13
493,VladGrid76,2003,basic,mobile_app,305,no,active,2026-01-19
494,KaterynaBreeze69,1992,student,web_form,458,yes,active,2026-02-27
495,DanyloMetro95,2006,premium,campus_event,22,no,active,2025-12-31
496,SofiaMetro67,1987,basic,station_kiosk,278,no,closed,2025-01-18
497,RomanMetro64,2007,commuter,campus_event,96,no,active,2025-04-13
498,LizaWave55,1978,basic,web_form,158,no,active,2023-05-15
499,DanyloBreeze51,2008,commuter,campus_event,124,no,active,2023-11-06
500,MartaNorth25,2008,family,web_form,452,no,active,2024-01-02
501,KaterynaNorth62,1986,basic,partner_campaign,528,no,active,2025-12-03
502,MartaSky86,1994,commuter,campus_event,430,no,active,2025-11-18
503,DanyloWave40,1990,basic,station_kiosk,142,yes,active,2025-05-28
504,ArtemRiver50,1984,premium,mobile_app,385,no,active,2024-01-09
505,AnnaNorth50,1992,commuter,campus_event,246,no,active,2023-04-26
506,MaxSky91,2001,daily_plus,partner_campaign,373,no,active,2023-06-15
507,MartaEcho47,1975,basic,mobile_app,442,no,active,2024-09-03
508,ArtemGrid99,1992,basic,mobile_app,198,no,active,2023-08-14
509,RomanOrbit32,1966,student,station_kiosk,322,yes,active,2024-10-16
510,MaxMetro89,1969,student,partner_campaign,231,yes,active,2024-07-24
511,MartaSky73,1965,family,campus_event,182,no,active,2025-11-13
512,OksanaRiver55,1999,commuter,web_form,528,yes,active,2023-02-22
513,MaxRider38,1975,commuter,partner_campaign,21,yes,active,2024-07-10
514,AnnaPilot58,2007,commuter,campus_event,264,no,active,2025-10-11
515,ArtemBreeze16,1972,family,web_form,307,no,active,2024-07-26
516,AnnaOrbit37,2004,commuter,web_form,49,yes,active,2025-03-22
517,LizaEcho18,1984,basic,web_form,288,no,active,2023-07-16
518,LizaBreeze10,2004,basic,campus_event,117,no,active,2024-03-31
519,AnnaUrban48,1967,daily_plus,station_kiosk,100,no,closed,2023-06-15
520,ArtemEcho86,1971,commuter,partner_campaign,437,no,active,2023-10-13
521,OksanaEcho24,1993,basic,mobile_app,465,no,active,2024-05-02
522,YuraNorth43,1993,daily_plus,station_kiosk,450,no,active,2024-03-17
523,OlenaSky76,2000,basic,station_kiosk,349,no,active,2025-10-26
524,NazarGrid76,2004,basic,campus_event,373,no,active,2025-11-11
525,IhorPulse91,1971,basic,station_kiosk,505,yes,active,2023-12-14
526,OksanaOrbit79,1993,basic,station_kiosk,535,no,active,2023-09-04
527,VladOrbit15,1983,basic,mobile_app,493,no,paused,2023-08-20
528,NazarUrban16,1978,commuter,mobile_app,375,no,active,2023-01-23
529,IhorNova42,1985,commuter,partner_campaign,406,no,active,2025-03-06
530,IhorRider57,1970,premium,station_kiosk,309,no,active,2024-07-23
531,SofiaMetro34,1992,commuter,mobile_app,465,no,active,2026-05-29
532,KaterynaRiver91,1988,daily_plus,station_kiosk,277,no,active,2025-04-20
533,KaterynaMetro88,1979,commuter,station_kiosk,491,no,active,2025-04-30
534,TarasPulse14,2008,commuter,campus_event,204,no,active,2023-07-19
535,MaxRiver62,1971,basic,web_form,90,no,active,2023-09-15
536,OlenaOrbit36,1985,commuter,station_kiosk,50,no,active,2025-04-19
537,TarasPilot57,1979,student,station_kiosk,299,yes,active,2026-01-19
538,AnnaUrban96,1978,student,campus_event,128,yes,paused,2023-10-01
539,TarasNova90,1991,commuter,web_form,131,no,review,2026-03-31
540,LizaPilot16,1983,student,web_form,72,yes,review,2025-10-15
541,RomanRiver28,2005,premium,web_form,165,no,review,2025-12-24
542,YuraPilot42,1969,commuter,station_kiosk,131,yes,active,2023-07-26
543,YuraSky44,1977,daily_plus,campus_event,305,no,review,2025-11-01
544,VladGrid11,1978,basic,campus_event,215,no,active,2024-12-23
545,AnnaGrid36,1968,commuter,campus_event,293,no,active,2026-02-18
546,IhorRider31,1973,basic,campus_event,180,no,review,2024-03-03
547,OlenaSky20,1989,basic,mobile_app,512,no,active,2024-02-27
548,KaterynaSky88,2003,student,mobile_app,89,yes,active,2023-05-31
549,SofiaRiver47,1974,premium,partner_campaign,199,no,active,2024-06-23
550,YuraMetro61,2007,basic,campus_event,319,yes,paused,2025-11-04
551,MartaRider34,2002,daily_plus,web_form,163,no,closed,2023-12-15
552,ArtemPulse74,1971,commuter,partner_campaign,185,no,active,2024-06-24
553,YuraBreeze14,1990,basic,campus_event,366,no,active,2023-03-27
554,MaxNova86,1972,student,station_kiosk,18,yes,review,2023-04-13
555,ArtemGrid91,1993,commuter,campus_event,311,no,paused,2026-02-28
556,SofiaMetro38,1979,daily_plus,station_kiosk,475,no,active,2024-10-08
557,OlenaGrid60,1985,student,mobile_app,275,yes,active,2025-09-12
558,LizaWave56,1987,daily_plus,web_form,72,no,active,2024-09-03
559,IhorRider53,1965,basic,station_kiosk,512,no,active,2024-04-23
560,OlenaGrid91,1992,basic,mobile_app,299,yes,active,2024-03-23
561,OlenaWave57,1969,student,campus_event,81,yes,active,2023-02-13
562,DanyloSky40,1984,daily_plus,partner_campaign,317,no,active,2025-11-20
563,TarasWave88,2002,daily_plus,station_kiosk,196,no,active,2024-08-25
564,TarasPilot11,1986,premium,web_form,55,no,active,2024-10-15
565,OksanaPulse73,1979,family,partner_campaign,464,no,active,2025-01-31
566,SofiaEcho22,1975,premium,partner_campaign,180,no,active,2023-12-13
567,SofiaBreeze35,1990,student,mobile_app,137,yes,active,2023-08-02
568,KaterynaPulse11,2000,premium,web_form,110,no,active,2025-09-14
569,KaterynaGrid73,1991,commuter,station_kiosk,335,no,active,2025-01-13
570,YuraGrid66,2004,commuter,partner_campaign,19,no,active,2025-05-09
571,TarasPilot15,1972,daily_plus,partner_campaign,281,no,active,2026-04-28
572,ArtemBreeze57,1988,basic,mobile_app,150,no,paused,2024-04-14
573,VladPulse98,1989,basic,campus_event,291,no,active,2024-04-29
574,RomanWave11,1978,daily_plus,web_form,451,no,active,2023-04-16
575,VladNova23,1976,daily_plus,partner_campaign,392,no,review,2024-03-26
576,YuraPilot73,1991,student,campus_event,366,yes,active,2024-11-12
577,NazarWave64,1989,commuter,station_kiosk,306,no,active,2025-09-16
578,OksanaNorth21,1968,basic,campus_event,53,no,active,2025-07-13
579,AnnaEcho38,1984,commuter,partner_campaign,320,no,active,2026-04-05
580,MaxPilot12,1966,premium,campus_event,332,no,active,2025-08-05
581,DanyloNorth10,1996,family,partner_campaign,79,no,active,2025-07-15
582,YuraUrban60,1983,basic,campus_event,125,no,active,2023-04-28
583,LizaWave84,1990,commuter,partner_campaign,249,no,active,2023-11-25
584,OksanaSky86,1996,premium,station_kiosk,443,no,active,2023-09-25
585,RomanPilot36,1975,basic,campus_event,412,yes,active,2025-04-04
586,SofiaRider95,1972,student,web_form,45,yes,active,2024-04-22
587,AnnaSky60,1975,premium,web_form,100,no,review,2026-02-18
588,MaxRiver62,1997,premium,partner_campaign,320,no,active,2025-06-27
589,OlenaSky91,1975,premium,partner_campaign,14,yes,active,2023-11-18
590,YuraEcho76,1975,basic,web_form,361,no,active,2023-05-22
591,LizaRider53,2004,family,station_kiosk,115,no,active,2026-01-20
592,NazarRiver67,2001,basic,mobile_app,99,no,active,2024-11-03
593,TarasNorth50,1978,commuter,mobile_app,170,no,active,2023-07-07
594,LizaRider58,1972,premium,campus_event,495,yes,active,2024-05-27
595,MartaNova19,2004,basic,station_kiosk,104,no,active,2025-11-09
596,YuraOrbit91,1997,student,web_form,206,yes,paused,2024-08-10
597,TarasEcho47,1975,premium,station_kiosk,222,no,active,2024-10-18
598,TarasRiver41,2003,commuter,campus_event,150,no,active,2024-02-02
599,MartaBreeze24,1997,student,station_kiosk,336,yes,active,2025-04-17
600,RomanGrid14,1972,premium,mobile_app,493,no,active,2025-05-13
601,OksanaUrban51,1975,premium,station_kiosk,108,no,active,2024-12-28
602,IhorGrid42,2001,commuter,mobile_app,355,no,active,2026-01-23
603,SofiaWave57,2007,commuter,campus_event,95,yes,active,2024-09-08
604,RomanBreeze35,2000,daily_plus,mobile_app,446,no,closed,2023-03-03
605,OlenaSky99,1989,family,station_kiosk,341,no,paused,2025-06-26
606,DanyloOrbit79,1996,daily_plus,station_kiosk,162,no,active,2025-12-11
607,VladNorth41,2004,student,campus_event,149,yes,active,2025-08-09
608,MaxSky43,1967,commuter,mobile_app,324,no,active,2024-02-09
609,LizaSky21,1997,daily_plus,mobile_app,397,no,active,2023-09-18
610,ArtemUrban73,2003,student,campus_event,433,yes,paused,2023-11-05
611,VladGrid89,1998,student,campus_event,155,yes,active,2023-02-07
612,ArtemOrbit44,1976,student,web_form,409,yes,paused,2025-12-30
613,VladGrid91,1980,basic,web_form,186,no,active,2024-04-01
614,IhorWave32,1971,premium,web_form,302,no,active,2023-01-25
615,RomanWave24,1971,commuter,mobile_app,234,no,active,2025-03-29
616,SofiaGrid54,1967,daily_plus,web_form,455,no,active,2026-04-05
617,LizaNorth81,2001,commuter,station_kiosk,192,no,active,2023-02-04
618,LizaWave56,1966,premium,web_form,190,yes,active,2023-01-02
619,DanyloNova32,1971,student,station_kiosk,246,yes,active,2025-04-10
620,LizaNova69,2002,basic,campus_event,493,no,active,2023-02-04
621,RomanUrban37,1981,commuter,mobile_app,10,no,active,2025-12-18
622,OlenaPulse75,1978,commuter,station_kiosk,284,no,review,2023-07-27
623,DanyloPulse64,1972,commuter,partner_campaign,142,no,active,2024-07-10
624,NazarPilot53,1982,basic,campus_event,451,no,active,2023-08-31
625,MaxRiver20,2005,student,campus_event,355,yes,active,2025-05-17
626,VladPulse57,1979,basic,partner_campaign,3,no,active,2024-02-01
627,SofiaNorth83,2008,basic,web_form,73,no,active,2023-01-26
628,MaxRider39,1982,premium,web_form,390,no,active,2025-10-18
629,OksanaUrban53,1989,commuter,station_kiosk,410,no,active,2026-04-22
630,AnnaOrbit14,2000,daily_plus,mobile_app,430,no,active,2024-05-16
631,OksanaNova25,1973,student,station_kiosk,93,yes,active,2024-04-08
632,MaxPilot23,1992,commuter,web_form,61,no,active,2024-01-08
633,NazarPulse18,1981,basic,mobile_app,65,no,review,2026-01-12
634,NazarRider69,1990,student,mobile_app,390,yes,active,2023-10-20
635,SofiaRiver53,1978,commuter,web_form,56,yes,active,2023-06-13
636,MaxUrban54,2007,commuter,web_form,225,no,active,2024-04-06
637,OksanaPilot57,1995,commuter,campus_event,242,no,active,2026-05-21
638,DanyloEcho25,2007,basic,campus_event,75,no,active,2023-08-04
639,ArtemMetro26,1990,basic,station_kiosk,531,no,active,2025-11-28
640,RomanNorth35,1996,student,campus_event,401,yes,active,2026-01-20
641,ArtemWave17,1972,premium,mobile_app,542,no,active,2025-01-20
642,TarasBreeze44,2000,premium,partner_campaign,382,no,paused,2024-08-18
643,NazarMetro58,2006,basic,campus_event,308,no,active,2024-10-31
644,OlenaNorth68,2008,daily_plus,station_kiosk,468,no,paused,2025-05-26
645,OksanaEcho24,1993,basic,partner_campaign,415,no,review,2025-08-08
646,OlenaPulse96,1975,daily_plus,mobile_app,101,no,active,2024-03-06
647,NazarBreeze20,2000,premium,web_form,88,no,active,2023-11-06
648,SofiaBreeze11,1985,commuter,campus_event,222,no,active,2023-07-03
649,KaterynaBreeze22,2008,premium,campus_event,370,no,active,2025-09-10
650,KaterynaMetro90,1987,student,mobile_app,362,yes,active,2025-01-29
651,YuraNorth81,1991,student,station_kiosk,365,yes,active,2026-03-17
652,LizaRider42,1970,basic,campus_event,529,no,active,2025-11-19
653,TarasRiver12,1978,daily_plus,campus_event,525,no,active,2023-04-30
654,MartaPulse29,1972,basic,mobile_app,545,no,active,2026-04-21
655,VladPilot87,1990,premium,partner_campaign,472,yes,active,2024-04-20
656,DanyloGrid82,2007,commuter,web_form,33,no,review,2024-06-13
657,YuraOrbit64,1975,basic,station_kiosk,310,no,active,2025-04-25
658,TarasUrban93,1987,basic,campus_event,482,no,active,2024-04-14
659,VladNorth32,1967,commuter,campus_event,326,no,active,2026-03-26
660,DanyloNova89,1994,student,campus_event,370,yes,active,2024-11-09
661,RomanNova22,1999,basic,partner_campaign,230,no,active,2024-02-29
662,VladNorth45,1971,commuter,station_kiosk,345,no,active,2023-09-21
663,TarasWave16,1980,premium,mobile_app,150,no,active,2026-03-26
664,LizaWave19,2002,commuter,partner_campaign,61,no,active,2023-01-11
665,MaxSky48,1996,daily_plus,mobile_app,512,no,review,2024-03-01
666,AnnaNorth71,1996,premium,station_kiosk,469,no,active,2025-08-06
667,MaxSky32,1996,student,campus_event,445,yes,paused,2026-02-12
668,LizaRider83,2003,premium,mobile_app,109,no,paused,2024-07-24
669,NazarSky40,1992,family,partner_campaign,97,no,active,2024-10-20
670,KaterynaUrban86,1991,student,mobile_app,113,yes,active,2023-01-03
671,ArtemNova37,2006,basic,mobile_app,430,no,active,2023-09-09
672,OksanaEcho40,1982,daily_plus,mobile_app,216,no,active,2025-12-15
673,NazarEcho65,1969,premium,station_kiosk,360,no,active,2024-02-10
674,OlenaPulse78,1980,basic,station_kiosk,404,no,active,2024-09-30
675,LizaRider78,1994,commuter,campus_event,243,yes,active,2024-10-06
676,KaterynaGrid80,1992,basic,campus_event,11,no,active,2024-11-16
677,MartaNorth15,2002,basic,partner_campaign,322,no,closed,2024-05-08
678,OksanaEcho80,1993,basic,partner_campaign,417,no,active,2025-04-12
679,MaxSky27,1990,commuter,partner_campaign,203,no,active,2023-12-06
680,YuraPulse25,1982,basic,station_kiosk,327,no,active,2025-01-19
681,OksanaPilot97,1982,commuter,campus_event,391,no,closed,2025-09-29
682,AnnaRider11,1990,basic,station_kiosk,166,no,paused,2024-12-28
683,KaterynaUrban61,2004,commuter,campus_event,4,yes,active,2024-01-09
684,ArtemSky96,1970,basic,partner_campaign,154,no,active,2025-09-16
685,VladUrban96,1976,commuter,station_kiosk,30,no,active,2023-02-05
686,VladNova68,2004,student,station_kiosk,332,yes,active,2024-06-01
687,VladPulse49,2001,premium,partner_campaign,17,no,active,2023-03-17
688,DanyloPilot87,2008,basic,partner_campaign,58,no,closed,2024-07-27
689,OksanaSky56,1995,daily_plus,web_form,262,no,active,2025-03-13
690,VladNova62,1993,commuter,web_form,364,no,active,2024-03-12
691,RomanNova55,1974,student,station_kiosk,485,yes,active,2025-01-11
692,VladRider90,1975,commuter,mobile_app,203,no,active,2023-08-08
693,KaterynaMetro46,2000,basic,station_kiosk,535,no,active,2026-01-11
694,VladRider94,2004,commuter,mobile_app,446,no,active,2024-04-08
695,AnnaBreeze31,2006,basic,campus_event,342,no,paused,2025-11-25
696,OksanaBreeze25,1981,premium,partner_campaign,384,no,active,2025-03-19
697,NazarNorth37,2000,basic,mobile_app,173,no,paused,2025-01-14
698,TarasRiver58,1991,premium,web_form,158,no,active,2025-02-17
699,SofiaGrid53,1992,daily_plus,campus_event,473,no,active,2024-09-12
700,YuraNova95,1978,student,campus_event,512,yes,review,2026-05-30
701,AnnaBreeze20,1971,commuter,station_kiosk,179,no,active,2025-12-13
702,MartaPulse19,2000,basic,mobile_app,431,no,paused,2023-04-13
703,RomanWave29,1986,student,station_kiosk,332,yes,active,2023-06-09
704,YuraNorth31,2000,basic,station_kiosk,481,no,active,2024-09-22
705,VladWave95,1988,premium,station_kiosk,344,no,active,2025-11-22
706,MaxPilot39,1994,commuter,web_form,196,no,active,2023-06-25
707,OksanaNova48,2005,commuter,station_kiosk,59,no,active,2026-05-20
708,AnnaBreeze99,1971,commuter,station_kiosk,48,no,active,2023-01-20
709,MartaNova34,1999,commuter,web_form,192,no,active,2024-12-20
710,TarasNorth45,1974,commuter,campus_event,19,no,closed,2025-07-01
711,IhorRiver19,1989,basic,partner_campaign,81,no,active,2024-10-27
712,IhorPilot40,1984,daily_plus,campus_event,476,no,active,2024-12-28
713,MartaPilot90,1978,premium,campus_event,414,no,active,2025-03-31
714,RomanRiver74,1997,student,campus_event,186,yes,active,2023-05-31
715,LizaGrid95,1979,commuter,partner_campaign,324,no,active,2023-10-28
716,RomanPilot31,2002,basic,web_form,191,no,active,2024-06-21
717,LizaOrbit34,1968,basic,station_kiosk,77,no,active,2025-06-19
718,NazarMetro95,2005,student,station_kiosk,87,yes,active,2023-10-14
719,OlenaPilot88,1993,daily_plus,campus_event,299,yes,active,2024-09-30
720,IhorGrid88,2003,student,mobile_app,116,yes,active,2024-05-22
721,MaxMetro48,1972,basic,mobile_app,103,no,active,2023-11-16
722,TarasNorth41,1996,student,mobile_app,53,yes,active,2025-09-20
723,TarasPulse58,1972,basic,campus_event,149,yes,active,2025-02-02
724,MartaOrbit93,1973,basic,station_kiosk,61,no,active,2025-07-29
725,VladEcho85,1968,commuter,campus_event,259,no,active,2025-07-12
726,TarasRider33,1986,commuter,web_form,194,no,active,2026-04-20
727,IhorPilot57,1980,basic,partner_campaign,202,no,paused,2023-10-17
728,KaterynaMetro67,1987,basic,station_kiosk,282,no,active,2025-02-02
729,SofiaBreeze53,1999,commuter,partner_campaign,53,no,active,2023-07-09
730,RomanUrban89,2004,family,campus_event,307,no,active,2025-04-28
731,NazarRider89,1985,daily_plus,mobile_app,366,no,paused,2023-03-14
732,AnnaRider41,1974,basic,station_kiosk,334,no,active,2024-07-23
733,IhorWave37,1991,premium,web_form,316,no,active,2024-06-14
734,KaterynaSky99,1987,basic,mobile_app,131,no,active,2025-11-25
735,YuraWave38,1968,commuter,station_kiosk,315,no,active,2025-12-19
736,SofiaSky16,1974,commuter,mobile_app,191,no,active,2023-07-10
737,YuraNorth86,1969,basic,web_form,320,no,paused,2025-05-10
738,VladGrid80,1982,daily_plus,mobile_app,343,no,active,2026-04-08
739,TarasNova98,1995,premium,partner_campaign,222,no,active,2023-04-13
740,NazarNova99,1994,daily_plus,web_form,42,no,active,2024-06-25
741,TarasOrbit79,2001,premium,partner_campaign,472,no,active,2024-07-12
742,MaxEcho56,1965,basic,station_kiosk,54,no,active,2025-02-22
743,VladUrban56,1975,basic,partner_campaign,306,no,active,2026-02-23
744,YuraPulse49,2008,basic,mobile_app,266,no,review,2024-03-16
745,SofiaNorth34,2006,basic,web_form,532,no,active,2025-12-03
746,RomanUrban46,1978,daily_plus,station_kiosk,462,no,active,2023-09-18
747,OlenaMetro39,1997,commuter,campus_event,455,no,active,2026-02-12
748,YuraEcho96,1997,basic,partner_campaign,127,no,active,2025-11-27
749,TarasOrbit81,1975,commuter,campus_event,368,no,paused,2024-04-10
750,TarasBreeze48,1986,commuter,station_kiosk,382,no,paused,2023-12-01
751,IhorMetro51,2001,premium,campus_event,92,no,active,2025-10-16
752,IhorPilot56,1999,commuter,web_form,60,yes,active,2025-02-22
753,AnnaRiver23,1995,basic,partner_campaign,347,no,active,2024-07-18
754,SofiaNorth44,2007,basic,partner_campaign,533,no,active,2025-08-27
755,RomanRiver96,2008,daily_plus,partner_campaign,416,no,active,2025-11-29
756,OlenaMetro61,1991,basic,partner_campaign,527,no,review,2023-06-14
757,MaxNorth70,1973,basic,campus_event,260,no,active,2024-04-03
758,MaxBreeze25,2008,premium,station_kiosk,306,no,active,2025-04-15
759,LizaRiver92,1989,student,web_form,242,yes,paused,2026-04-20
760,IhorEcho57,1998,commuter,campus_event,316,no,closed,2025-09-03
761,MartaNova81,1997,premium,mobile_app,20,no,active,2023-08-30
762,VladPilot37,2003,student,partner_campaign,486,yes,review,2024-03-04
763,OlenaRider76,2005,student,campus_event,324,yes,closed,2023-12-02
764,TarasRiver18,2006,student,partner_campaign,217,yes,active,2025-11-02
765,SofiaRider45,2005,commuter,mobile_app,156,no,active,2024-12-12
766,OlenaWave83,1994,commuter,mobile_app,251,no,active,2023-05-14
767,MaxNorth52,1970,daily_plus,station_kiosk,104,yes,active,2024-05-13
768,LizaUrban84,1995,family,mobile_app,401,no,active,2024-11-04
769,SofiaUrban29,1982,basic,mobile_app,149,no,paused,2024-05-19
770,AnnaPilot40,1975,student,partner_campaign,187,yes,active,2024-09-29
771,OksanaWave95,1985,student,web_form,246,yes,active,2025-10-14
772,KaterynaUrban85,1971,commuter,mobile_app,321,no,paused,2023-10-27
773,ArtemWave27,2006,commuter,web_form,172,no,active,2024-01-03
774,OlenaSky36,1998,student,mobile_app,4,yes,active,2024-03-12
775,MaxRider69,1986,premium,station_kiosk,111,yes,active,2025-11-09
776,MaxWave30,2002,premium,station_kiosk,69,no,active,2026-06-12
777,YuraSky26,1982,basic,web_form,406,no,active,2024-02-05
778,LizaEcho18,1996,commuter,station_kiosk,333,no,closed,2025-02-03
779,OksanaEcho10,1978,premium,station_kiosk,425,no,active,2023-03-10
780,ArtemOrbit11,1981,premium,mobile_app,291,no,active,2023-12-06
781,AnnaPulse21,1989,student,web_form,493,yes,active,2024-08-10
782,TarasGrid41,2004,commuter,web_form,25,no,active,2025-10-08
783,MaxRider77,1975,commuter,campus_event,315,no,active,2026-05-21
784,KaterynaOrbit74,1986,family,campus_event,60,no,active,2025-01-16
785,AnnaSky15,1974,basic,campus_event,472,no,active,2023-08-25
786,KaterynaEcho67,1988,commuter,mobile_app,249,yes,paused,2025-01-22
787,LizaSky87,1971,commuter,web_form,23,no,active,2023-05-01
788,NazarOrbit48,1987,commuter,web_form,246,no,paused,2024-11-11
789,YuraMetro64,1994,commuter,mobile_app,63,no,active,2024-05-17
790,NazarEcho87,1979,daily_plus,campus_event,475,no,paused,2026-06-05
791,KaterynaNova36,1981,commuter,station_kiosk,74,no,active,2024-02-25
792,OlenaBreeze16,1987,basic,campus_event,371,no,review,2025-12-13
793,SofiaEcho42,2003,basic,partner_campaign,114,no,active,2025-02-07
794,AnnaPilot59,1983,basic,station_kiosk,370,no,active,2026-02-19
795,IhorPulse60,1994,daily_plus,web_form,371,no,active,2026-01-03
796,OlenaNova73,2006,daily_plus,campus_event,381,yes,active,2025-05-25
797,MaxNova95,1992,commuter,station_kiosk,406,yes,active,2024-02-15
798,MaxWave83,1965,commuter,partner_campaign,483,yes,active,2024-01-08
799,OlenaBreeze88,2006,commuter,campus_event,172,no,active,2024-08-07
800,TarasNova93,1980,student,web_form,479,yes,active,2025-11-28
801,VladNova27,1965,basic,campus_event,537,no,review,2025-12-29
802,LizaGrid84,1977,student,mobile_app,137,yes,active,2023-05-15
803,TarasRiver13,1991,basic,partner_campaign,32,no,active,2023-03-28
804,MartaSky11,1992,commuter,campus_event,48,no,closed,2025-02-19
805,LizaGrid53,1980,daily_plus,station_kiosk,476,no,active,2023-01-16
806,SofiaSky26,1968,basic,partner_campaign,439,no,review,2025-06-08
807,RomanRiver83,1977,basic,mobile_app,268,no,active,2023-06-30
808,KaterynaNorth77,2003,basic,web_form,30,yes,paused,2023-10-27
809,DanyloEcho34,2002,daily_plus,web_form,260,no,paused,2025-02-27
810,RomanEcho88,1967,student,station_kiosk,451,yes,active,2026-06-07
811,MaxNorth82,2007,premium,mobile_app,38,no,active,2025-04-04
812,TarasPilot59,1988,basic,station_kiosk,403,no,active,2024-10-17
813,ArtemEcho47,1970,premium,web_form,41,no,active,2023-09-29
814,ArtemPulse31,2006,premium,mobile_app,91,no,active,2024-08-31
815,AnnaPilot76,1973,commuter,station_kiosk,79,no,active,2026-01-20
816,NazarPilot80,1984,commuter,partner_campaign,217,no,active,2025-04-11
817,AnnaSky37,1982,student,partner_campaign,475,yes,active,2026-01-19
818,SofiaOrbit90,2004,student,mobile_app,530,yes,active,2023-12-04
819,ArtemPilot11,1982,commuter,mobile_app,106,yes,active,2023-09-09
820,OksanaRiver70,2003,basic,mobile_app,520,no,paused,2025-06-21
821,VladPulse14,1973,commuter,partner_campaign,119,no,active,2025-02-27
822,MaxNorth40,1976,student,station_kiosk,345,yes,active,2026-05-20
823,MaxPilot35,2000,basic,campus_event,31,no,active,2024-06-08
824,DanyloMetro70,1971,premium,station_kiosk,418,no,active,2025-11-27
825,IhorRider48,1979,commuter,web_form,489,no,active,2023-06-16
826,VladUrban78,1981,daily_plus,campus_event,34,no,active,2023-02-18
827,RomanNova69,1966,commuter,station_kiosk,451,no,active,2025-04-07
828,AnnaPilot99,1987,premium,partner_campaign,224,no,paused,2024-10-17
829,IhorBreeze84,1983,commuter,station_kiosk,340,no,active,2024-08-03
830,YuraRiver35,2007,commuter,mobile_app,9,no,active,2025-05-30
831,MaxSky73,1986,student,partner_campaign,107,yes,active,2026-05-02
832,NazarEcho18,1989,daily_plus,mobile_app,84,no,active,2025-02-02
833,AnnaBreeze63,1975,commuter,mobile_app,153,no,active,2023-12-22
834,MaxRider32,2007,commuter,web_form,60,yes,active,2023-02-25
835,NazarPilot52,1988,commuter,mobile_app,84,yes,active,2025-01-13
836,VladUrban51,1975,basic,station_kiosk,436,no,active,2025-11-02
837,OlenaRiver96,1994,daily_plus,station_kiosk,526,no,review,2025-02-12
838,LizaPulse86,1978,commuter,station_kiosk,230,no,paused,2025-01-31
839,MaxSky49,2001,basic,station_kiosk,324,no,active,2023-03-29
840,OlenaGrid20,1969,daily_plus,campus_event,465,yes,active,2026-02-25
841,OksanaRiver27,1985,daily_plus,partner_campaign,213,no,active,2025-01-21
842,ArtemMetro72,1972,daily_plus,campus_event,401,no,closed,2025-05-07
843,KaterynaGrid33,2003,commuter,mobile_app,544,no,active,2024-10-06
844,NazarRider54,1968,daily_plus,web_form,103,no,active,2023-10-02
845,ArtemBreeze17,1978,premium,web_form,439,no,active,2024-02-18
846,MartaPilot84,1974,premium,web_form,368,no,paused,2025-12-03
847,RomanNorth45,1979,commuter,campus_event,239,no,paused,2023-10-08
848,SofiaGrid79,1966,commuter,mobile_app,319,no,active,2025-07-26
849,RomanPilot37,1995,premium,web_form,48,no,closed,2025-10-08
850,MartaPilot74,1983,commuter,mobile_app,285,no,active,2023-03-18
851,SofiaNorth74,1983,student,partner_campaign,546,yes,active,2024-07-03
852,OlenaRiver75,1980,commuter,station_kiosk,206,no,active,2026-05-17
853,ArtemNorth53,1996,commuter,web_form,219,no,active,2024-08-14
854,IhorWave67,1981,commuter,mobile_app,370,no,active,2024-10-05
855,YuraSky49,1969,basic,partner_campaign,327,no,active,2023-02-03
856,LizaNorth54,2005,commuter,mobile_app,541,no,paused,2023-06-26
857,MartaEcho30,2003,commuter,mobile_app,522,no,active,2025-01-01
858,TarasMetro31,1979,premium,campus_event,261,no,active,2023-01-15
859,DanyloWave20,1982,basic,partner_campaign,73,no,active,2024-02-05
860,MartaOrbit90,2007,commuter,station_kiosk,151,no,review,2023-07-14
861,NazarGrid98,2002,daily_plus,mobile_app,119,no,active,2024-06-30
862,TarasOrbit13,1965,basic,mobile_app,53,no,review,2025-09-07
863,ArtemWave26,1965,commuter,partner_campaign,483,no,active,2025-12-14
864,VladUrban18,2000,daily_plus,mobile_app,360,no,active,2024-04-06
865,SofiaUrban14,1969,daily_plus,station_kiosk,280,no,active,2025-11-23
866,MaxUrban64,2008,daily_plus,station_kiosk,49,no,active,2023-12-22
867,NazarMetro30,1989,daily_plus,mobile_app,549,yes,active,2024-12-19
868,OlenaGrid66,1980,family,web_form,78,no,paused,2025-11-10
869,LizaBreeze34,1971,student,station_kiosk,10,yes,active,2023-04-27
870,VladEcho46,1970,basic,campus_event,62,no,active,2024-09-05
871,OksanaEcho66,1975,family,mobile_app,530,no,active,2025-10-29
872,MartaPulse67,2001,student,mobile_app,216,yes,review,2025-01-18
873,VladPilot21,1994,commuter,station_kiosk,40,no,active,2024-10-23
874,TarasRider52,1979,student,web_form,36,yes,active,2023-07-28
875,IhorWave14,2003,commuter,partner_campaign,347,no,active,2024-10-09
876,RomanSky92,1979,basic,campus_event,85,yes,active,2023-08-05
877,OksanaOrbit71,2007,student,mobile_app,293,yes,active,2025-01-01
878,SofiaOrbit20,1999,student,partner_campaign,92,yes,active,2023-02-10
879,MartaRiver56,1999,daily_plus,station_kiosk,416,yes,paused,2024-10-25
880,YuraNova61,1995,student,station_kiosk,319,yes,active,2024-06-20
881,IhorPulse73,1976,basic,mobile_app,430,no,active,2023-09-18
882,VladNorth19,1965,daily_plus,partner_campaign,436,no,active,2023-08-07
883,YuraUrban41,1975,commuter,partner_campaign,45,no,active,2026-03-06
884,MartaEcho50,2002,daily_plus,campus_event,374,no,active,2025-08-14
885,TarasPilot48,2003,basic,web_form,244,no,active,2025-11-01
886,VladEcho89,1993,basic,partner_campaign,333,no,active,2025-10-25
887,OksanaPulse14,1997,family,mobile_app,410,no,active,2026-05-30
888,KaterynaOrbit61,1985,commuter,mobile_app,29,no,active,2025-02-26
889,NazarEcho73,1974,basic,station_kiosk,201,no,active,2025-11-26
890,RomanNorth61,1998,student,web_form,276,yes,active,2025-11-30
891,MartaRiver85,2007,basic,station_kiosk,100,no,active,2023-02-07
892,TarasEcho91,1967,daily_plus,mobile_app,293,no,active,2025-10-13
893,MartaSky77,1995,commuter,mobile_app,107,no,paused,2025-07-24
894,KaterynaOrbit60,2006,basic,web_form,278,no,active,2025-12-23
895,MaxSky71,1995,daily_plus,mobile_app,166,no,active,2026-01-23
896,YuraEcho22,1979,premium,campus_event,256,no,active,2026-05-08
897,OlenaEcho85,2002,basic,partner_campaign,441,no,active,2026-05-23
898,TarasOrbit59,1996,premium,partner_campaign,108,yes,active,2025-01-10
899,LizaNova36,2002,commuter,campus_event,46,no,active,2024-05-25
900,MartaOrbit27,2000,commuter,web_form,30,yes,active,2026-01-09
